Item,Qty,Reference(s),Value,LibPart,Footprint,Datasheet,Category,DK_Datasheet_Link,DK_Detail_Page,Description,Digi-Key_PN,Family,Height,MPN,Manufacturer,Manufacturer_Name,Manufacturer_Part_Number,Mouser Part Number,Mouser Price/Stock,RS Part Number,RS Price/Stock,Status
2,11,"C1, C2, C3, C4, C5, C6, C10, C11, C17, C18, C21",C1206C104K1RACTU,SamacSys_Parts:C1206C104K1RACTU,SamacSys_Parts:CAPC3216X88N,https://componentsearchengine.com/Datasheets/1/C1206C104K1RACTU.pdf,,,,"1206 X7R ceramic capacitor,100nF 100V Kemet 1206 C 100nF Ceramic Multilayer Capacitor, 100 V dc, +125C, X7R Dielectric, +/-10%",,,0.88,,,Kemet,C1206C104K1RACTU,80-C1206C104K1R,https://www.mouser.com/Search/Refine.aspx?Keyword=80-C1206C104K1R,,,
3,8,"C7, C8, C9, C12, C13, C19, C20, C22",UPW1J6R8MDD6,SamacSys_Parts:UPW1J6R8MDD6,CAPPRD150W45D425H1250,http://nichicon-us.com/english/products/pdfs/e-upw.pdf,,,,"Nichicon 6.8F 63V dc Aluminium Electrolytic Capacitor, Through Hole 4 x 11mm +105C 4mm 1.5mm",,,12.5,,,Nichicon,UPW1J6R8MDD6,,,,,
4,3,"C14, C15, C16",UVR1J472MRD,SamacSys_Parts:UVR1J472MRD,CAPPRD1000W100D2250H5200,https://componentsearchengine.com/Datasheets/1/UVR1J472MRD.pdf,,,,Aluminum Electrolytic Capacitors - Radial Leaded 63volts 4700uF 22x50 20% 10LS,,,52,,,Nichicon,UVR1J472MRD,647-UVR1J472MRD,https://www.mouser.com/Search/Refine.aspx?Keyword=647-UVR1J472MRD,,,
5,2,"C23, C24",C1206C104K1RACTU,SamacSys_Parts:C1206C104K1RACTU,CAPC3216X88N,https://componentsearchengine.com/Datasheets/1/C1206C104K1RACTU.pdf,,,,"1206 X7R ceramic capacitor,100nF 100V Kemet 1206 C 100nF Ceramic Multilayer Capacitor, 100 V dc, +125C, X7R Dielectric, +/-10%",,,0.88,,,Kemet,C1206C104K1RACTU,80-C1206C104K1R,https://www.mouser.com/Search/Refine.aspx?Keyword=80-C1206C104K1R,,,
6,2,"D1, D3",RB021VAM90TR,SamacSys_Parts:RB021VAM90TR,SamacSys_Parts:TDZTR56,https://componentsearchengine.com/Datasheets/1/RB021VAM90TR.pdf,,,,Schottky Diodes & Rectifiers 90V Vr 0.2A Io SOD-323HE SBD,,,0.8,,,ROHM Semiconductor,RB021VAM90TR,755-RB021VAM90TR,https://www.mouser.com/Search/Refine.aspx?Keyword=755-RB021VAM90TR,,,
7,1,D2,VSSB310-M3_52T,SamacSys_Parts:VSSB310-M3_52T,DIOM5436X244N,https://www.mouser.ie/datasheet/2/427/vssb310-m3-1074188.pdf,,,,Schottky Diodes & Rectifiers,,,2.44,,,Vishay,VSSB310-M3/52T,,,,,
8,3,"D4, D5, D6",ATV02W120B-HF,SamacSys_Parts:ATV02W120B-HF,SODFL3718X130N,https://componentsearchengine.com/Datasheets/1/ATV02W120B-HF.pdf,,,,ESD Suppressors / TVS Diodes 200W 12V BIDIRECTION AEC-Q101,,,1.3,,,Comchip Technology,ATV02W120B-HF,750-ATV02W120B-HF,https://www.mouser.com/Search/Refine.aspx?Keyword=750-ATV02W120B-HF,,,
9,2,"D7, D8",ATV02W600B-HF,SamacSys_Parts:ATV02W600B-HF,SODFL3718X130N,https://componentsearchengine.com/Datasheets/1/ATV02W600B-HF.pdf,,,,ESD Suppressors / TVS Diodes,,,1.3,,,Comchip Technology,ATV02W600B-HF,750-ATV02W600B-HF,https://www.mouser.com/Search/Refine.aspx?Keyword=750-ATV02W600B-HF,,,
10,3,"D9, D10, D11",ATV02W5V0B-HF,SamacSys_Parts:ATV02W5V0B-HF,SODFL3718X130N,https://componentsearchengine.com/Datasheets/1/ATV02W5V0B-HF.pdf,,,,ESD Suppressors / TVS Diodes 200W 5V BI-DIRECTION AEC-Q101,,,1.3,,,Comchip Technology,ATV02W5V0B-HF,750-ATV02W5V0B-HF,https://www.mouser.com/Search/Refine.aspx?Keyword=750-ATV02W5V0B-HF,,,
12,4,"H1, H2, H3, H4",MountingHole,Mechanical:MountingHole,MountingHole:MountingHole_4.3mm_M4,~,,,,,,,,,,,,,,,,
13,1,IC1,LM5104MX_NOPB,SamacSys_Parts:LM5104MX_NOPB,SamacSys_Parts:SOIC127P600X175-8N,http://www.ti.com/lit/gpn/LM5104,,,,High Voltage Half-Bridge Gate Driver with Adaptive Delay,,,1.75,,,Texas Instruments,LM5104MX/NOPB,926-LM5104MX/NOPB,https://www.mouser.com/Search/Refine.aspx?Keyword=926-LM5104MX%2FNOPB,,,
14,2,"IC2, IC4",VOH1016AD,SamacSys_Parts:VOH1016AD,SamacSys_Parts:DIP762W60P254L730H450Q6N,https://componentsearchengine.com/Datasheets/1/VOH1016AD.pdf,,,,High Speed Optocouplers 1MBps Schmitt-Trigr DIP-6,,,4.5,,,Vishay,VOH1016AD,78-VOH1016AD,https://www.mouser.com/Search/Refine.aspx?Keyword=78-VOH1016AD,,,
15,1,IC3,LTC7004EMSE#PBF,SamacSys_Parts:LTC7004EMSE#PBF,SamacSys_Parts:SOP50P490X110-11N,https://componentsearchengine.com/Datasheets/1/LTC7004EMSE#PBF.pdf,,,,"LINEAR TECHNOLOGY - LTC7004EMSE#PBF - MOSFET DRIVER, HIGH SIDE, MSOP-10",,,1.1,,,Linear Technology,LTC7004EMSE#PBF,584-LTC7004EMSEPBF,https://www.mouser.com/Search/Refine.aspx?Keyword=584-LTC7004EMSEPBF,,,
16,1,IC5,ACS770LCB-050U-PFF-T,SamacSys_Parts:ACS770LCB-050U-PFF-T,digikey-footprints:CB-5_Formed_Leads,http://www.allegromicro.com/~/media/Files/Datasheets/ACS770-Datasheet.ashx,,,,"Current Sensor AC/DC 5V 5-Pin Case CB Allegro Microsystems ACS770LCB-050U-PFF-T, Current Sensor, 5-Pin, PFF",,,,,,Allegro Microsystems,ACS770LCB-050U-PFF-T,,,8660782P,http://uk.rs-online.com/web/p/products/8660782P,
17,1,J1,1932517,SamacSys_Parts:1932517,SamacSys_Parts:1932517,https://media.digikey.com/pdf/Data%20Sheets/Phoenix%20Contact%20PDFs/1932517.pdf,,,,"Phoenix Contact COMBICON MKDSP Series 15mm Pitch Straight, PCB Terminal Block, Through Hole, 4 Way",,,39,,,Phoenix Contact,1932517,651-1932517,https://www.mouser.com/Search/Refine.aspx?Keyword=651-1932517,,,
23,2,"LED1, LED2",TLHK46Q1R2,SamacSys_Parts:TLHK46Q1R2,SamacSys_Parts:TLHK42S1T2,https://componentsearchengine.com/Datasheets/1/TLHK46Q1R2.pdf,,,,"Vishay TLHK46Q1R2 Red LED, 630 nm, 3mm (T-1), Round Lens Through Hole Package",,,,,,Vishay,TLHK46Q1R2,78-TLHK46Q1R2,https://www.mouser.com/Search/Refine.aspx?Keyword=78-TLHK46Q1R2,,,
24,1,PS1,TEC_2-4811WI,SamacSys_Parts:TEC_2-4811WI,SamacSys_Parts:TEC24811,https://componentsearchengine.com/Datasheets/1/TEC 2-4811WI.pdf,,,,"TRACOPOWER TEC 2WI 2W Isolated DC-DC Converter Through Hole, Vin 18  75 V dc, Vout 5V dc",,,,,,Traco Power,TEC 2-4811WI,495-TEC2-4811WI,https://www.mouser.com/Search/Refine.aspx?Keyword=495-TEC2-4811WI,,,
25,1,PS2,TSR_0.6-48120WI,SamacSys_Parts:TSR_0.6-48120WI,SamacSys_Parts:TSR0648120WI,https://assets.tracopower.com/20200120115610/TSR06WI/documents/tsr0-6wi-datasheet.pdf,,,,Non-Isolated DC/DC Converters,,,13.4,,,Traco Power,TSR 0.6-48120WI,495-TSR0.6-48120WI,https://www.mouser.com/Search/Refine.aspx?Keyword=495-TSR0.6-48120WI,,,
26,4,"Q1, Q2, Q3, Q4",IPB014N06NATMA1,SamacSys_Parts:IPB014N06NATMA1,SamacSys_Parts:IPB014N06NATMA1,https://componentsearchengine.com/Datasheets/1/IPB014N06NATMA1.pdf,,,,MOSFET N-Ch 60V 180A D2PAK-6,,,4.57,,,Infineon,IPB014N06NATMA1,726-IPB014N06NATMA1,https://www.mouser.com/Search/Refine.aspx?Keyword=726-IPB014N06NATMA1,,,
27,1,R1,CRGP1206F1K0,SamacSys_Parts:CRGP1206F1K0,SamacSys_Parts:RESC3116X65N,https://ms.componentsearchengine.com/Datasheets/2/CRGP1206F1K0.pdf,,,,"TE CONNECTIVITY - CRGP1206F1K0 - RES, 1K, 1%, 0.5W, 1206, THICK FILM",,,0.65,,,TE Connectivity,CRGP1206F1K0,,,,,
28,7,"R2, R3, R4, R5, R6, R7, R10",CRGP1206F10K,SamacSys_Parts:CRGP1206F10K,SamacSys_Parts:RESC3116X65N,https://componentsearchengine.com/Datasheets/1/CRGP1206F10K.pdf,,,,10k 1206 Thick Film Resistor +/-1% 0.5W CRGP1206F10K,,,0.65,,,TE Connectivity,CRGP1206F10K,279-CRGP1206F10K,https://www.mouser.com/Search/Refine.aspx?Keyword=279-CRGP1206F10K,,,
29,2,"R8, R9",CRGP1206F330R,SamacSys_Parts:CRGP1206F330R,SamacSys_Parts:RESC3116X65N,https://componentsearchengine.com/Datasheets/1/CRGP1206F330R.pdf,,,,Thick Film Resistors - SMD CRGP 1206 330R 1% SMD Resistor,,,0.65,,,TE Connectivity,CRGP1206F330R,279-CRGP1206F330R,https://www.mouser.com/Search/Refine.aspx?Keyword=279-CRGP1206F330R,,,
30,1,R11,CP00052R000JB14,SamacSys_Parts:CP00052R000JB14,SamacSys_Parts:CP00052R000JB14,https://componentsearchengine.com/Datasheets/1/CP00052R000JB14.pdf,,,,Wirewound Resistors - Through Hole 5watts 2ohms 5%,,,9.524,,,Vishay,CP00052R000JB14,71-CP5-J-2,https://www.mouser.com/Search/Refine.aspx?Keyword=71-CP5-J-2,,,
31,4,"R12, R13, R14, R16",CRGP1206F330R,SamacSys_Parts:CRGP1206F330R,RESC3116X65N,https://componentsearchengine.com/Datasheets/1/CRGP1206F330R.pdf,,,,Thick Film Resistors - SMD CRGP 1206 330R 1% SMD Resistor,,,0.65,,,TE Connectivity,CRGP1206F330R,279-CRGP1206F330R,https://www.mouser.com/Search/Refine.aspx?Keyword=279-CRGP1206F330R,,,
32,1,R15,CRGP1206F10K,SamacSys_Parts:CRGP1206F10K,RESC3116X65N,https://componentsearchengine.com/Datasheets/1/CRGP1206F10K.pdf,,,,10k 1206 Thick Film Resistor +/-1% 0.5W CRGP1206F10K,,,0.65,,,TE Connectivity,CRGP1206F10K,279-CRGP1206F10K,https://www.mouser.com/Search/Refine.aspx?Keyword=279-CRGP1206F10K,,,
33,1,S1,SDA04H1SBD,SamacSys_Parts:SDA04H1SBD,SamacSys_Parts:SDA04H1SBD,https://componentsearchengine.com/Datasheets/1/SDA04H1SBD.pdf,,,,C & K COMPONENTS - SDA04H1SBD - SWITCH DIP TOP SLIDE 4POS,,,,,,C & K COMPONENTS,SDA04H1SBD,611-SDA04H1SBD,https://www.mouser.com/Search/Refine.aspx?Keyword=611-SDA04H1SBD,,,
34,1,S2,SDA01H1SBD,SamacSys_Parts:SDA01H1SBD,SamacSys_Parts:SDA01H1SBD,https://componentsearchengine.com/Datasheets/1/SDA01H1SBD.pdf,,,,"1 Way Surface Mount DIP Switch SPST, Raised, Slide Actuator",,,5.45,,,C & K COMPONENTS,SDA01H1SBD,611-SDA01H1SBD,https://www.mouser.com/Search/Refine.aspx?Keyword=611-SDA01H1SBD,,,
35,2,"U1, U2",573300D00010G,SamacSys_Parts:573300D00010G,SamacSys_Parts:573300D00010G,https://componentsearchengine.com/Datasheets/1/573300D00010G.pdf,,,,"Heatsink, TO-263, 18C/W, 12.7 x 26.16 x 10.16mm, PCB Surface Mount",,,10.16,,,Aavid Thermalloy,573300D00010G,532-573300D00010G,https://www.mouser.com/Search/Refine.aspx?Keyword=532-573300D00010G,,,
