"Source:","C:\Users\oisin\Google Drive\GBackUp\fyp\SMD_Sync_Buck_Controller\SMD_Sync_Buck_Controller.sch"
"Date:","21/02/2020 13:21:48"
"Tool:","Eeschema (5.1.5)-3"
"Generator:","C:\Program Files\KiCad\bin\scripting\plugins/bom_csv_grouped_by_value.py"
"Component Count:","97"

"Individual Components:"

"Item","Qty","Reference(s)","Value","LibPart","Footprint","Datasheet","Category","DK_Datasheet_Link","DK_Detail_Page","Description","Digi-Key_PN","Family","Height","MPN","Manufacturer","Manufacturer_Name","Manufacturer_Part_Number","Mouser Part Number","Mouser Price/Stock","RS Part Number","RS Price/Stock","Status"
"","","A1","Arduino_Nano_v3.x","MCU_Module:Arduino_Nano_v3.x","Module:Arduino_Nano","http://www.mouser.com/pdfdocs/Gravitech_Arduino_Nano3_0.pdf","","","","","","","","","","","","","","","",""
"","","C1","C1206C104K1RACTU","SamacSys_Parts:C1206C104K1RACTU","SamacSys_Parts:CAPC3216X88N","https://componentsearchengine.com/Datasheets/1/C1206C104K1RACTU.pdf","","","","1206 X7R ceramic capacitor,100nF 100V Kemet 1206 C 100nF Ceramic Multilayer Capacitor, 100 V dc, +125C, X7R Dielectric, +/-10%","","","0.88","","","Kemet","C1206C104K1RACTU","80-C1206C104K1R","https://www.mouser.com/Search/Refine.aspx?Keyword=80-C1206C104K1R","","",""
"","","C2","C1206C104K1RACTU","SamacSys_Parts:C1206C104K1RACTU","SamacSys_Parts:CAPC3216X88N","https://componentsearchengine.com/Datasheets/1/C1206C104K1RACTU.pdf","","","","1206 X7R ceramic capacitor,100nF 100V Kemet 1206 C 100nF Ceramic Multilayer Capacitor, 100 V dc, +125C, X7R Dielectric, +/-10%","","","0.88","","","Kemet","C1206C104K1RACTU","80-C1206C104K1R","https://www.mouser.com/Search/Refine.aspx?Keyword=80-C1206C104K1R","","",""
"","","C3","C1206C104K1RACTU","SamacSys_Parts:C1206C104K1RACTU","SamacSys_Parts:CAPC3216X88N","https://componentsearchengine.com/Datasheets/1/C1206C104K1RACTU.pdf","","","","1206 X7R ceramic capacitor,100nF 100V Kemet 1206 C 100nF Ceramic Multilayer Capacitor, 100 V dc, +125C, X7R Dielectric, +/-10%","","","0.88","","","Kemet","C1206C104K1RACTU","80-C1206C104K1R","https://www.mouser.com/Search/Refine.aspx?Keyword=80-C1206C104K1R","","",""
"","","C4","C1206C104K1RACTU","SamacSys_Parts:C1206C104K1RACTU","CAPC3216X88N","https://componentsearchengine.com/Datasheets/1/C1206C104K1RACTU.pdf","","","","1206 X7R ceramic capacitor,100nF 100V Kemet 1206 C 100nF Ceramic Multilayer Capacitor, 100 V dc, +125C, X7R Dielectric, +/-10%","","","0.88","","","Kemet","C1206C104K1RACTU","80-C1206C104K1R","https://www.mouser.com/Search/Refine.aspx?Keyword=80-C1206C104K1R","","",""
"","","C5","C1206C104K1RACTU","SamacSys_Parts:C1206C104K1RACTU","SamacSys_Parts:CAPC3216X88N","https://componentsearchengine.com/Datasheets/1/C1206C104K1RACTU.pdf","","","","1206 X7R ceramic capacitor,100nF 100V Kemet 1206 C 100nF Ceramic Multilayer Capacitor, 100 V dc, +125C, X7R Dielectric, +/-10%","","","0.88","","","Kemet","C1206C104K1RACTU","80-C1206C104K1R","https://www.mouser.com/Search/Refine.aspx?Keyword=80-C1206C104K1R","","",""
"","","C6","C1206C104K1RACTU","SamacSys_Parts:C1206C104K1RACTU","SamacSys_Parts:CAPC3216X88N","https://componentsearchengine.com/Datasheets/1/C1206C104K1RACTU.pdf","","","","1206 X7R ceramic capacitor,100nF 100V Kemet 1206 C 100nF Ceramic Multilayer Capacitor, 100 V dc, +125C, X7R Dielectric, +/-10%","","","0.88","","","Kemet","C1206C104K1RACTU","80-C1206C104K1R","https://www.mouser.com/Search/Refine.aspx?Keyword=80-C1206C104K1R","","",""
"","","C7","C1206C104K1RACTU","SamacSys_Parts:C1206C104K1RACTU","SamacSys_Parts:CAPC3216X88N","https://componentsearchengine.com/Datasheets/1/C1206C104K1RACTU.pdf","","","","1206 X7R ceramic capacitor,100nF 100V Kemet 1206 C 100nF Ceramic Multilayer Capacitor, 100 V dc, +125C, X7R Dielectric, +/-10%","","","0.88","","","Kemet","C1206C104K1RACTU","80-C1206C104K1R","https://www.mouser.com/Search/Refine.aspx?Keyword=80-C1206C104K1R","","",""
"","","C8","UPW1J6R8MDD6","SamacSys_Parts:UPW1J6R8MDD6","CAPPRD150W45D425H1250","http://nichicon-us.com/english/products/pdfs/e-upw.pdf","","","","Nichicon 6.8F 63V dc Aluminium Electrolytic Capacitor, Through Hole 4 x 11mm +105C 4mm 1.5mm","","","12.5","","","Nichicon","UPW1J6R8MDD6","","","","",""
"","","C9","UPW1J6R8MDD6","SamacSys_Parts:UPW1J6R8MDD6","CAPPRD150W45D425H1250","http://nichicon-us.com/english/products/pdfs/e-upw.pdf","","","","Nichicon 6.8F 63V dc Aluminium Electrolytic Capacitor, Through Hole 4 x 11mm +105C 4mm 1.5mm","","","12.5","","","Nichicon","UPW1J6R8MDD6","","","","",""
"","","C10","UPW1J6R8MDD6","SamacSys_Parts:UPW1J6R8MDD6","CAPPRD150W45D425H1250","http://nichicon-us.com/english/products/pdfs/e-upw.pdf","","","","Nichicon 6.8F 63V dc Aluminium Electrolytic Capacitor, Through Hole 4 x 11mm +105C 4mm 1.5mm","","","12.5","","","Nichicon","UPW1J6R8MDD6","","","","",""
"","","C11","C1206C104K1RACTU","SamacSys_Parts:C1206C104K1RACTU","SamacSys_Parts:CAPC3216X88N","https://componentsearchengine.com/Datasheets/1/C1206C104K1RACTU.pdf","","","","1206 X7R ceramic capacitor,100nF 100V Kemet 1206 C 100nF Ceramic Multilayer Capacitor, 100 V dc, +125C, X7R Dielectric, +/-10%","","","0.88","","","Kemet","C1206C104K1RACTU","80-C1206C104K1R","https://www.mouser.com/Search/Refine.aspx?Keyword=80-C1206C104K1R","","",""
"","","C12","C1206C104K1RACTU","SamacSys_Parts:C1206C104K1RACTU","SamacSys_Parts:CAPC3216X88N","https://componentsearchengine.com/Datasheets/1/C1206C104K1RACTU.pdf","","","","1206 X7R ceramic capacitor,100nF 100V Kemet 1206 C 100nF Ceramic Multilayer Capacitor, 100 V dc, +125C, X7R Dielectric, +/-10%","","","0.88","","","Kemet","C1206C104K1RACTU","80-C1206C104K1R","https://www.mouser.com/Search/Refine.aspx?Keyword=80-C1206C104K1R","","",""
"","","C13","UPW1J6R8MDD6","SamacSys_Parts:UPW1J6R8MDD6","CAPPRD150W45D425H1250","http://nichicon-us.com/english/products/pdfs/e-upw.pdf","","","","Nichicon 6.8F 63V dc Aluminium Electrolytic Capacitor, Through Hole 4 x 11mm +105C 4mm 1.5mm","","","12.5","","","Nichicon","UPW1J6R8MDD6","","","","",""
"","","C14","UPW1J6R8MDD6","SamacSys_Parts:UPW1J6R8MDD6","CAPPRD150W45D425H1250","http://nichicon-us.com/english/products/pdfs/e-upw.pdf","","","","Nichicon 6.8F 63V dc Aluminium Electrolytic Capacitor, Through Hole 4 x 11mm +105C 4mm 1.5mm","","","12.5","","","Nichicon","UPW1J6R8MDD6","","","","",""
"","","C15","UVR1J472MRD","SamacSys_Parts:UVR1J472MRD","CAPPRD1000W100D2250H5200","https://componentsearchengine.com/Datasheets/1/UVR1J472MRD.pdf","","","","Aluminum Electrolytic Capacitors - Radial Leaded 63volts 4700uF 22x50 20% 10LS","","","52","","","Nichicon","UVR1J472MRD","647-UVR1J472MRD","https://www.mouser.com/Search/Refine.aspx?Keyword=647-UVR1J472MRD","","",""
"","","C16","UVR1J472MRD","SamacSys_Parts:UVR1J472MRD","CAPPRD1000W100D2250H5200","https://componentsearchengine.com/Datasheets/1/UVR1J472MRD.pdf","","","","Aluminum Electrolytic Capacitors - Radial Leaded 63volts 4700uF 22x50 20% 10LS","","","52","","","Nichicon","UVR1J472MRD","647-UVR1J472MRD","https://www.mouser.com/Search/Refine.aspx?Keyword=647-UVR1J472MRD","","",""
"","","C17","UVR1J472MRD","SamacSys_Parts:UVR1J472MRD","CAPPRD1000W100D2250H5200","https://componentsearchengine.com/Datasheets/1/UVR1J472MRD.pdf","","","","Aluminum Electrolytic Capacitors - Radial Leaded 63volts 4700uF 22x50 20% 10LS","","","52","","","Nichicon","UVR1J472MRD","647-UVR1J472MRD","https://www.mouser.com/Search/Refine.aspx?Keyword=647-UVR1J472MRD","","",""
"","","C18","C1206C104K1RACTU","SamacSys_Parts:C1206C104K1RACTU","SamacSys_Parts:CAPC3216X88N","https://componentsearchengine.com/Datasheets/1/C1206C104K1RACTU.pdf","","","","1206 X7R ceramic capacitor,100nF 100V Kemet 1206 C 100nF Ceramic Multilayer Capacitor, 100 V dc, +125C, X7R Dielectric, +/-10%","","","0.88","","","Kemet","C1206C104K1RACTU","80-C1206C104K1R","https://www.mouser.com/Search/Refine.aspx?Keyword=80-C1206C104K1R","","",""
"","","C19","C1206C104K1RACTU","SamacSys_Parts:C1206C104K1RACTU","SamacSys_Parts:CAPC3216X88N","https://componentsearchengine.com/Datasheets/1/C1206C104K1RACTU.pdf","","","","1206 X7R ceramic capacitor,100nF 100V Kemet 1206 C 100nF Ceramic Multilayer Capacitor, 100 V dc, +125C, X7R Dielectric, +/-10%","","","0.88","","","Kemet","C1206C104K1RACTU","80-C1206C104K1R","https://www.mouser.com/Search/Refine.aspx?Keyword=80-C1206C104K1R","","",""
"","","C20","UPW1J6R8MDD6","SamacSys_Parts:UPW1J6R8MDD6","CAPPRD150W45D425H1250","http://nichicon-us.com/english/products/pdfs/e-upw.pdf","","","","Nichicon 6.8F 63V dc Aluminium Electrolytic Capacitor, Through Hole 4 x 11mm +105C 4mm 1.5mm","","","12.5","","","Nichicon","UPW1J6R8MDD6","","","","",""
"","","C21","UPW1J6R8MDD6","SamacSys_Parts:UPW1J6R8MDD6","CAPPRD150W45D425H1250","http://nichicon-us.com/english/products/pdfs/e-upw.pdf","","","","Nichicon 6.8F 63V dc Aluminium Electrolytic Capacitor, Through Hole 4 x 11mm +105C 4mm 1.5mm","","","12.5","","","Nichicon","UPW1J6R8MDD6","","","","",""
"","","C22","C1206C104K1RACTU","SamacSys_Parts:C1206C104K1RACTU","SamacSys_Parts:CAPC3216X88N","https://componentsearchengine.com/Datasheets/1/C1206C104K1RACTU.pdf","","","","1206 X7R ceramic capacitor,100nF 100V Kemet 1206 C 100nF Ceramic Multilayer Capacitor, 100 V dc, +125C, X7R Dielectric, +/-10%","","","0.88","","","Kemet","C1206C104K1RACTU","80-C1206C104K1R","https://www.mouser.com/Search/Refine.aspx?Keyword=80-C1206C104K1R","","",""
"","","C23","UPW1J6R8MDD6","SamacSys_Parts:UPW1J6R8MDD6","CAPPRD150W45D425H1250","http://nichicon-us.com/english/products/pdfs/e-upw.pdf","","","","Nichicon 6.8F 63V dc Aluminium Electrolytic Capacitor, Through Hole 4 x 11mm +105C 4mm 1.5mm","","","12.5","","","Nichicon","UPW1J6R8MDD6","","","","",""
"","","C24","C1206C104K1RACTU","SamacSys_Parts:C1206C104K1RACTU","CAPC3216X88N","https://componentsearchengine.com/Datasheets/1/C1206C104K1RACTU.pdf","","","","1206 X7R ceramic capacitor,100nF 100V Kemet 1206 C 100nF Ceramic Multilayer Capacitor, 100 V dc, +125C, X7R Dielectric, +/-10%","","","0.88","","","Kemet","C1206C104K1RACTU","80-C1206C104K1R","https://www.mouser.com/Search/Refine.aspx?Keyword=80-C1206C104K1R","","",""
"","","C25","C1206C104K1RACTU","SamacSys_Parts:C1206C104K1RACTU","CAPC3216X88N","https://componentsearchengine.com/Datasheets/1/C1206C104K1RACTU.pdf","","","","1206 X7R ceramic capacitor,100nF 100V Kemet 1206 C 100nF Ceramic Multilayer Capacitor, 100 V dc, +125C, X7R Dielectric, +/-10%","","","0.88","","","Kemet","C1206C104K1RACTU","80-C1206C104K1R","https://www.mouser.com/Search/Refine.aspx?Keyword=80-C1206C104K1R","","",""
"","","C26","C1206C104K1RACTU","SamacSys_Parts:C1206C104K1RACTU","CAPC3216X88N","https://componentsearchengine.com/Datasheets/1/C1206C104K1RACTU.pdf","","","","1206 X7R ceramic capacitor,100nF 100V Kemet 1206 C 100nF Ceramic Multilayer Capacitor, 100 V dc, +125C, X7R Dielectric, +/-10%","","","0.88","","","Kemet","C1206C104K1RACTU","80-C1206C104K1R","https://www.mouser.com/Search/Refine.aspx?Keyword=80-C1206C104K1R","","",""
"","","C27","C1206C104K1RACTU","SamacSys_Parts:C1206C104K1RACTU","CAPC3216X88N","https://componentsearchengine.com/Datasheets/1/C1206C104K1RACTU.pdf","","","","1206 X7R ceramic capacitor,100nF 100V Kemet 1206 C 100nF Ceramic Multilayer Capacitor, 100 V dc, +125C, X7R Dielectric, +/-10%","","","0.88","","","Kemet","C1206C104K1RACTU","80-C1206C104K1R","https://www.mouser.com/Search/Refine.aspx?Keyword=80-C1206C104K1R","","",""
"","","C28","C1206C104K1RACTU","SamacSys_Parts:C1206C104K1RACTU","CAPC3216X88N","https://componentsearchengine.com/Datasheets/1/C1206C104K1RACTU.pdf","","","","1206 X7R ceramic capacitor,100nF 100V Kemet 1206 C 100nF Ceramic Multilayer Capacitor, 100 V dc, +125C, X7R Dielectric, +/-10%","","","0.88","","","Kemet","C1206C104K1RACTU","80-C1206C104K1R","https://www.mouser.com/Search/Refine.aspx?Keyword=80-C1206C104K1R","","",""
"","","C29","C1206C104K1RACTU","SamacSys_Parts:C1206C104K1RACTU","CAPC3216X88N","https://componentsearchengine.com/Datasheets/1/C1206C104K1RACTU.pdf","","","","1206 X7R ceramic capacitor,100nF 100V Kemet 1206 C 100nF Ceramic Multilayer Capacitor, 100 V dc, +125C, X7R Dielectric, +/-10%","","","0.88","","","Kemet","C1206C104K1RACTU","80-C1206C104K1R","https://www.mouser.com/Search/Refine.aspx?Keyword=80-C1206C104K1R","","",""
"","","D1","RB021VAM90TR","SamacSys_Parts:RB021VAM90TR","SamacSys_Parts:TDZTR56","https://componentsearchengine.com/Datasheets/1/RB021VAM90TR.pdf","","","","Schottky Diodes & Rectifiers 90V Vr 0.2A Io SOD-323HE SBD","","","0.8","","","ROHM Semiconductor","RB021VAM90TR","755-RB021VAM90TR","https://www.mouser.com/Search/Refine.aspx?Keyword=755-RB021VAM90TR","","",""
"","","D2","D","Device:D","Diode_THT:D_A-405_P12.70mm_Horizontal","~","","","","","","","","","","","","","","","",""
"","","D3","VSSB310-M3_52T","SamacSys_Parts:VSSB310-M3_52T","DIOM5436X244N","https://www.mouser.ie/datasheet/2/427/vssb310-m3-1074188.pdf","","","","Schottky Diodes & Rectifiers","","","2.44","","","Vishay","VSSB310-M3/52T","","","","",""
"","","D4","RB021VAM90TR","SamacSys_Parts:RB021VAM90TR","SamacSys_Parts:TDZTR56","https://componentsearchengine.com/Datasheets/1/RB021VAM90TR.pdf","","","","Schottky Diodes & Rectifiers 90V Vr 0.2A Io SOD-323HE SBD","","","0.8","","","ROHM Semiconductor","RB021VAM90TR","755-RB021VAM90TR","https://www.mouser.com/Search/Refine.aspx?Keyword=755-RB021VAM90TR","","",""
"","","D5","ATV02W600B-HF","SamacSys_Parts:ATV02W600B-HF","SODFL3718X130N","https://componentsearchengine.com/Datasheets/1/ATV02W600B-HF.pdf","","","","ESD Suppressors / TVS Diodes","","","1.3","","","Comchip Technology","ATV02W600B-HF","750-ATV02W600B-HF","https://www.mouser.com/Search/Refine.aspx?Keyword=750-ATV02W600B-HF","","",""
"","","D6","ATV02W600B-HF","SamacSys_Parts:ATV02W600B-HF","SODFL3718X130N","https://componentsearchengine.com/Datasheets/1/ATV02W600B-HF.pdf","","","","ESD Suppressors / TVS Diodes","","","1.3","","","Comchip Technology","ATV02W600B-HF","750-ATV02W600B-HF","https://www.mouser.com/Search/Refine.aspx?Keyword=750-ATV02W600B-HF","","",""
"","","D7","ATV02W120B-HF","SamacSys_Parts:ATV02W120B-HF","SODFL3718X130N","https://componentsearchengine.com/Datasheets/1/ATV02W120B-HF.pdf","","","","ESD Suppressors / TVS Diodes 200W 12V BIDIRECTION AEC-Q101","","","1.3","","","Comchip Technology","ATV02W120B-HF","750-ATV02W120B-HF","https://www.mouser.com/Search/Refine.aspx?Keyword=750-ATV02W120B-HF","","",""
"","","D8","ATV02W120B-HF","SamacSys_Parts:ATV02W120B-HF","SODFL3718X130N","https://componentsearchengine.com/Datasheets/1/ATV02W120B-HF.pdf","","","","ESD Suppressors / TVS Diodes 200W 12V BIDIRECTION AEC-Q101","","","1.3","","","Comchip Technology","ATV02W120B-HF","750-ATV02W120B-HF","https://www.mouser.com/Search/Refine.aspx?Keyword=750-ATV02W120B-HF","","",""
"","","D9","ATV02W120B-HF","SamacSys_Parts:ATV02W120B-HF","SODFL3718X130N","https://componentsearchengine.com/Datasheets/1/ATV02W120B-HF.pdf","","","","ESD Suppressors / TVS Diodes 200W 12V BIDIRECTION AEC-Q101","","","1.3","","","Comchip Technology","ATV02W120B-HF","750-ATV02W120B-HF","https://www.mouser.com/Search/Refine.aspx?Keyword=750-ATV02W120B-HF","","",""
"","","D10","ATV02W5V0B-HF","SamacSys_Parts:ATV02W5V0B-HF","SODFL3718X130N","https://componentsearchengine.com/Datasheets/1/ATV02W5V0B-HF.pdf","","","","ESD Suppressors / TVS Diodes 200W 5V BI-DIRECTION AEC-Q101","","","1.3","","","Comchip Technology","ATV02W5V0B-HF","750-ATV02W5V0B-HF","https://www.mouser.com/Search/Refine.aspx?Keyword=750-ATV02W5V0B-HF","","",""
"","","D11","ATV02W5V0B-HF","SamacSys_Parts:ATV02W5V0B-HF","SODFL3718X130N","https://componentsearchengine.com/Datasheets/1/ATV02W5V0B-HF.pdf","","","","ESD Suppressors / TVS Diodes 200W 5V BI-DIRECTION AEC-Q101","","","1.3","","","Comchip Technology","ATV02W5V0B-HF","750-ATV02W5V0B-HF","https://www.mouser.com/Search/Refine.aspx?Keyword=750-ATV02W5V0B-HF","","",""
"","","D12","ATV02W5V0B-HF","SamacSys_Parts:ATV02W5V0B-HF","SODFL3718X130N","https://componentsearchengine.com/Datasheets/1/ATV02W5V0B-HF.pdf","","","","ESD Suppressors / TVS Diodes 200W 5V BI-DIRECTION AEC-Q101","","","1.3","","","Comchip Technology","ATV02W5V0B-HF","750-ATV02W5V0B-HF","https://www.mouser.com/Search/Refine.aspx?Keyword=750-ATV02W5V0B-HF","","",""
"","","G1","Geec-Logo","User-Created:Geec-Logo","User-Created:Geec_Logo","","","","","","","","","","","","","","","","",""
"","","H1","MountingHole","Mechanical:MountingHole","MountingHole:MountingHole_4.3mm_M4","~","","","","","","","","","","","","","","","",""
"","","H2","MountingHole","Mechanical:MountingHole","MountingHole:MountingHole_4.3mm_M4","~","","","","","","","","","","","","","","","",""
"","","H3","MountingHole","Mechanical:MountingHole","MountingHole:MountingHole_4.3mm_M4","~","","","","","","","","","","","","","","","",""
"","","H4","MountingHole","Mechanical:MountingHole","MountingHole:MountingHole_4.3mm_M4","~","","","","","","","","","","","","","","","",""
"","","IC1","LM5104MX_NOPB","SamacSys_Parts:LM5104MX_NOPB","SamacSys_Parts:SOIC127P600X175-8N","http://www.ti.com/lit/gpn/LM5104","","","","High Voltage Half-Bridge Gate Driver with Adaptive Delay","","","1.75","","","Texas Instruments","LM5104MX/NOPB","926-LM5104MX/NOPB","https://www.mouser.com/Search/Refine.aspx?Keyword=926-LM5104MX%2FNOPB","","",""
"","","IC2","VOH1016AD","SamacSys_Parts:VOH1016AD","SamacSys_Parts:DIP762W60P254L730H450Q6N","https://componentsearchengine.com/Datasheets/1/VOH1016AD.pdf","","","","High Speed Optocouplers 1MBps Schmitt-Trigr DIP-6","","","4.5","","","Vishay","VOH1016AD","78-VOH1016AD","https://www.mouser.com/Search/Refine.aspx?Keyword=78-VOH1016AD","","",""
"","","IC3","LTC7004EMSE#PBF","SamacSys_Parts:LTC7004EMSE#PBF","SamacSys_Parts:SOP50P490X110-11N","https://componentsearchengine.com/Datasheets/1/LTC7004EMSE#PBF.pdf","","","","LINEAR TECHNOLOGY - LTC7004EMSE#PBF - MOSFET DRIVER, HIGH SIDE, MSOP-10","","","1.1","","","Linear Technology","LTC7004EMSE#PBF","584-LTC7004EMSEPBF","https://www.mouser.com/Search/Refine.aspx?Keyword=584-LTC7004EMSEPBF","","",""
"","","IC4","VOH1016AD","SamacSys_Parts:VOH1016AD","SamacSys_Parts:DIP762W60P254L730H450Q6N","https://componentsearchengine.com/Datasheets/1/VOH1016AD.pdf","","","","High Speed Optocouplers 1MBps Schmitt-Trigr DIP-6","","","4.5","","","Vishay","VOH1016AD","78-VOH1016AD","https://www.mouser.com/Search/Refine.aspx?Keyword=78-VOH1016AD","","",""
"","","IC5","ACS770LCB-050U-PFF-T","SamacSys_Parts:ACS770LCB-050U-PFF-T","digikey-footprints:CB-5_Formed_Leads","http://www.allegromicro.com/~/media/Files/Datasheets/ACS770-Datasheet.ashx","","","","Current Sensor AC/DC 5V 5-Pin Case CB Allegro Microsystems ACS770LCB-050U-PFF-T, Current Sensor, 5-Pin, PFF","","","","","","Allegro Microsystems","ACS770LCB-050U-PFF-T","","","8660782P","http://uk.rs-online.com/web/p/products/8660782P",""
"","","IC6","ACPL-C870-000E","SamacSys_Parts:ACPL-C870-000E","SOIC127P1150X361-8N","","","","","ACPL-C870-000E, Isolation Amplifier, 4.5  5.5 V, 8-pin SSO","","","3.607","","","Avago Technologies","ACPL-C870-000E","630-ACPL-C870-000E","https://www.mouser.com/Search/Refine.aspx?Keyword=630-ACPL-C870-000E","","",""
"","","IC7","MCP6001T-I_OT","SamacSys_Parts:MCP6001T-I_OT","SOT95P270X145-5N","https://componentsearchengine.com/Datasheets/1/MCP6001T-I_OT.pdf","","","","Single 1.8V Op Amp, 1MHz, I temp","","","1.45","","","Microchip","MCP6001T-I/OT","579-MCP6001T-I/OT","https://www.mouser.com/Search/Refine.aspx?Keyword=579-MCP6001T-I%2FOT","","",""
"","","J1","1932517","SamacSys_Parts:1932517","SamacSys_Parts:1932517","https://media.digikey.com/pdf/Data%20Sheets/Phoenix%20Contact%20PDFs/1932517.pdf","","","","Phoenix Contact COMBICON MKDSP Series 15mm Pitch Straight, PCB Terminal Block, Through Hole, 4 Way","","","39","","","Phoenix Contact","1932517","651-1932517","https://www.mouser.com/Search/Refine.aspx?Keyword=651-1932517","","",""
"","","J2","Conn_01x01","Connector_Generic:Conn_01x01","User-Created:SolderWirePad_1x01_SMD_15x15m","~","","","","","","","","","","","","","","","",""
"","","J3","Conn_01x01","Connector_Generic:Conn_01x01","User-Created:SolderWirePad_1x01_SMD_15x15m","~","","","","","","","","","","","","","","","",""
"","","J4","Conn_01x01","Connector_Generic:Conn_01x01","User-Created:SolderWirePad_1x01_SMD_15x15m","~","","","","","","","","","","","","","","","",""
"","","J5","Conn_01x01","Connector_Generic:Conn_01x01","User-Created:SolderWirePad_1x01_SMD_15x15m","~","","","","","","","","","","","","","","","",""
"","","J6","Conn_01x04","Connector_Generic:Conn_01x04","Connector_JST:JST_XH_B4B-XH-AM_1x04_P2.50mm_Vertical","~","","","","","","","","","","","","","","","",""
"","","J7","Conn_01x06","Connector_Generic:Conn_01x06","Connector_JST:JST_XH_B6B-XH-A_1x06_P2.50mm_Vertical","~","","","","","","","","","","","","","","","",""
"","","J8","Conn_01x07","Connector_Generic:Conn_01x07","Connector_JST:JST_XH_B7B-XH-A_1x07_P2.50mm_Vertical","~","","","","","","","","","","","","","","","",""
"","","J9","Conn_01x03","Connector_Generic:Conn_01x03","Connector_JST:JST_XH_B3B-XH-A_1x03_P2.50mm_Vertical","~","","","","","","","","","","","","","","","",""
"","","LED1","TLHK46Q1R2","SamacSys_Parts:TLHK46Q1R2","SamacSys_Parts:TLHK42S1T2","https://componentsearchengine.com/Datasheets/1/TLHK46Q1R2.pdf","","","","Vishay TLHK46Q1R2 Red LED, 630 nm, 3mm (T-1), Round Lens Through Hole Package","","","","","","Vishay","TLHK46Q1R2","78-TLHK46Q1R2","https://www.mouser.com/Search/Refine.aspx?Keyword=78-TLHK46Q1R2","","",""
"","","LED2","TLHK46Q1R2","SamacSys_Parts:TLHK46Q1R2","SamacSys_Parts:TLHK42S1T2","https://componentsearchengine.com/Datasheets/1/TLHK46Q1R2.pdf","","","","Vishay TLHK46Q1R2 Red LED, 630 nm, 3mm (T-1), Round Lens Through Hole Package","","","","","","Vishay","TLHK46Q1R2","78-TLHK46Q1R2","https://www.mouser.com/Search/Refine.aspx?Keyword=78-TLHK46Q1R2","","",""
"","","PS1","TEC_2-4811WI","SamacSys_Parts:TEC_2-4811WI","SamacSys_Parts:TEC24811","https://componentsearchengine.com/Datasheets/1/TEC 2-4811WI.pdf","","","","TRACOPOWER TEC 2WI 2W Isolated DC-DC Converter Through Hole, Vin 18  75 V dc, Vout 5V dc","","","","","","Traco Power","TEC 2-4811WI","495-TEC2-4811WI","https://www.mouser.com/Search/Refine.aspx?Keyword=495-TEC2-4811WI","","",""
"","","PS2","TSR_0.6-48120WI","SamacSys_Parts:TSR_0.6-48120WI","SamacSys_Parts:TSR0648120WI","https://assets.tracopower.com/20200120115610/TSR06WI/documents/tsr0-6wi-datasheet.pdf","","","","Non-Isolated DC/DC Converters","","","13.4","","","Traco Power","TSR 0.6-48120WI","495-TSR0.6-48120WI","https://www.mouser.com/Search/Refine.aspx?Keyword=495-TSR0.6-48120WI","","",""
"","","PS3","ZXTR2105F-7","SamacSys_Parts:ZXTR2105F-7","SOT96P240X110-3N","https://componentsearchengine.com/Datasheets/1/ZXTR2105F-7.pdf","","","","Linear Voltage Regulators 60V Input 5V 15mA Regulator Zener","","","1.1","","","Diodes Inc.","ZXTR2105F-7","621-ZXTR2105F-7","https://www.mouser.com/Search/Refine.aspx?Keyword=621-ZXTR2105F-7","","",""
"","","Q1","IPB014N06NATMA1","SamacSys_Parts:IPB014N06NATMA1","SamacSys_Parts:IPB014N06NATMA1","https://componentsearchengine.com/Datasheets/1/IPB014N06NATMA1.pdf","","","","MOSFET N-Ch 60V 180A D2PAK-6","","","4.57","","","Infineon","IPB014N06NATMA1","726-IPB014N06NATMA1","https://www.mouser.com/Search/Refine.aspx?Keyword=726-IPB014N06NATMA1","","",""
"","","Q2","IPB014N06NATMA1","SamacSys_Parts:IPB014N06NATMA1","SamacSys_Parts:IPB014N06NATMA1","https://componentsearchengine.com/Datasheets/1/IPB014N06NATMA1.pdf","","","","MOSFET N-Ch 60V 180A D2PAK-6","","","4.57","","","Infineon","IPB014N06NATMA1","726-IPB014N06NATMA1","https://www.mouser.com/Search/Refine.aspx?Keyword=726-IPB014N06NATMA1","","",""
"","","Q3","IPB014N06NATMA1","SamacSys_Parts:IPB014N06NATMA1","SamacSys_Parts:IPB014N06NATMA1","https://componentsearchengine.com/Datasheets/1/IPB014N06NATMA1.pdf","","","","MOSFET N-Ch 60V 180A D2PAK-6","","","4.57","","","Infineon","IPB014N06NATMA1","726-IPB014N06NATMA1","https://www.mouser.com/Search/Refine.aspx?Keyword=726-IPB014N06NATMA1","","",""
"","","Q4","IPB014N06NATMA1","SamacSys_Parts:IPB014N06NATMA1","SamacSys_Parts:IPB014N06NATMA1","https://componentsearchengine.com/Datasheets/1/IPB014N06NATMA1.pdf","","","","MOSFET N-Ch 60V 180A D2PAK-6","","","4.57","","","Infineon","IPB014N06NATMA1","726-IPB014N06NATMA1","https://www.mouser.com/Search/Refine.aspx?Keyword=726-IPB014N06NATMA1","","",""
"","","R1","CRGP1206F1K0","SamacSys_Parts:CRGP1206F1K0","SamacSys_Parts:RESC3116X65N","https://ms.componentsearchengine.com/Datasheets/2/CRGP1206F1K0.pdf","","","","TE CONNECTIVITY - CRGP1206F1K0 - RES, 1K, 1%, 0.5W, 1206, THICK FILM","","","0.65","","","TE Connectivity","CRGP1206F1K0","","","","",""
"","","R2","CRGP1206F5K6","SamacSys_Parts:CRGP1206F5K6","RESC3116X65N","https://componentsearchengine.com/Datasheets/1/CRGP1206F5K6.pdf","","","","Thick Film Resistors - SMD CRGP 1206 5K6 1% SMD Resistor","","","0.65","","","TE Connectivity","CRGP1206F5K6","","","","",""
"","","R3","CRGP1206F10K","SamacSys_Parts:CRGP1206F10K","SamacSys_Parts:RESC3116X65N","https://componentsearchengine.com/Datasheets/1/CRGP1206F10K.pdf","","","","10k 1206 Thick Film Resistor +/-1% 0.5W CRGP1206F10K","","","0.65","","","TE Connectivity","CRGP1206F10K","279-CRGP1206F10K","https://www.mouser.com/Search/Refine.aspx?Keyword=279-CRGP1206F10K","","",""
"","","R4","CRGP1206F10K","SamacSys_Parts:CRGP1206F10K","SamacSys_Parts:RESC3116X65N","https://componentsearchengine.com/Datasheets/1/CRGP1206F10K.pdf","","","","10k 1206 Thick Film Resistor +/-1% 0.5W CRGP1206F10K","","","0.65","","","TE Connectivity","CRGP1206F10K","279-CRGP1206F10K","https://www.mouser.com/Search/Refine.aspx?Keyword=279-CRGP1206F10K","","",""
"","","R5","CRGP1206F10K","SamacSys_Parts:CRGP1206F10K","SamacSys_Parts:RESC3116X65N","https://componentsearchengine.com/Datasheets/1/CRGP1206F10K.pdf","","","","10k 1206 Thick Film Resistor +/-1% 0.5W CRGP1206F10K","","","0.65","","","TE Connectivity","CRGP1206F10K","279-CRGP1206F10K","https://www.mouser.com/Search/Refine.aspx?Keyword=279-CRGP1206F10K","","",""
"","","R6","CRGP1206F10K","SamacSys_Parts:CRGP1206F10K","SamacSys_Parts:RESC3116X65N","https://componentsearchengine.com/Datasheets/1/CRGP1206F10K.pdf","","","","10k 1206 Thick Film Resistor +/-1% 0.5W CRGP1206F10K","","","0.65","","","TE Connectivity","CRGP1206F10K","279-CRGP1206F10K","https://www.mouser.com/Search/Refine.aspx?Keyword=279-CRGP1206F10K","","",""
"","","R7","CRGP1206F330R","SamacSys_Parts:CRGP1206F330R","SamacSys_Parts:RESC3116X65N","https://componentsearchengine.com/Datasheets/1/CRGP1206F330R.pdf","","","","Thick Film Resistors - SMD CRGP 1206 330R 1% SMD Resistor","","","0.65","","","TE Connectivity","CRGP1206F330R","279-CRGP1206F330R","https://www.mouser.com/Search/Refine.aspx?Keyword=279-CRGP1206F330R","","",""
"","","R8","CRGP1206F330R","SamacSys_Parts:CRGP1206F330R","SamacSys_Parts:RESC3116X65N","https://componentsearchengine.com/Datasheets/1/CRGP1206F330R.pdf","","","","Thick Film Resistors - SMD CRGP 1206 330R 1% SMD Resistor","","","0.65","","","TE Connectivity","CRGP1206F330R","279-CRGP1206F330R","https://www.mouser.com/Search/Refine.aspx?Keyword=279-CRGP1206F330R","","",""
"","","R9","CRGP1206F10K","SamacSys_Parts:CRGP1206F10K","SamacSys_Parts:RESC3116X65N","https://componentsearchengine.com/Datasheets/1/CRGP1206F10K.pdf","","","","10k 1206 Thick Film Resistor +/-1% 0.5W CRGP1206F10K","","","0.65","","","TE Connectivity","CRGP1206F10K","279-CRGP1206F10K","https://www.mouser.com/Search/Refine.aspx?Keyword=279-CRGP1206F10K","","",""
"","","R10","CP00052R000JB14","SamacSys_Parts:CP00052R000JB14","SamacSys_Parts:CP00052R000JB14","https://componentsearchengine.com/Datasheets/1/CP00052R000JB14.pdf","","","","Wirewound Resistors - Through Hole 5watts 2ohms 5%","","","9.524","","","Vishay","CP00052R000JB14","71-CP5-J-2","https://www.mouser.com/Search/Refine.aspx?Keyword=71-CP5-J-2","","",""
"","","R11","CRGP1206F330R","SamacSys_Parts:CRGP1206F330R","RESC3116X65N","https://componentsearchengine.com/Datasheets/1/CRGP1206F330R.pdf","","","","Thick Film Resistors - SMD CRGP 1206 330R 1% SMD Resistor","","","0.65","","","TE Connectivity","CRGP1206F330R","279-CRGP1206F330R","https://www.mouser.com/Search/Refine.aspx?Keyword=279-CRGP1206F330R","","",""
"","","R12","CRGP1206F330R","SamacSys_Parts:CRGP1206F330R","RESC3116X65N","https://componentsearchengine.com/Datasheets/1/CRGP1206F330R.pdf","","","","Thick Film Resistors - SMD CRGP 1206 330R 1% SMD Resistor","","","0.65","","","TE Connectivity","CRGP1206F330R","279-CRGP1206F330R","https://www.mouser.com/Search/Refine.aspx?Keyword=279-CRGP1206F330R","","",""
"","","R13","CRGP1206F330R","SamacSys_Parts:CRGP1206F330R","RESC3116X65N","https://componentsearchengine.com/Datasheets/1/CRGP1206F330R.pdf","","","","Thick Film Resistors - SMD CRGP 1206 330R 1% SMD Resistor","","","0.65","","","TE Connectivity","CRGP1206F330R","279-CRGP1206F330R","https://www.mouser.com/Search/Refine.aspx?Keyword=279-CRGP1206F330R","","",""
"","","R14","CRGP1206F10K","SamacSys_Parts:CRGP1206F10K","RESC3116X65N","https://componentsearchengine.com/Datasheets/1/CRGP1206F10K.pdf","","","","10k 1206 Thick Film Resistor +/-1% 0.5W CRGP1206F10K","","","0.65","","","TE Connectivity","CRGP1206F10K","279-CRGP1206F10K","https://www.mouser.com/Search/Refine.aspx?Keyword=279-CRGP1206F10K","","",""
"","","R15","CRGP1206F330R","SamacSys_Parts:CRGP1206F330R","RESC3116X65N","https://componentsearchengine.com/Datasheets/1/CRGP1206F330R.pdf","","","","Thick Film Resistors - SMD CRGP 1206 330R 1% SMD Resistor","","","0.65","","","TE Connectivity","CRGP1206F330R","279-CRGP1206F330R","https://www.mouser.com/Search/Refine.aspx?Keyword=279-CRGP1206F330R","","",""
"","","R16","CRGP1206F47K","SamacSys_Parts:CRGP1206F47K","RESC3116X65N","https://componentsearchengine.com/Datasheets/1/CRGP1206F47K.pdf","","","","47k 1206 Thick Film Resistor +/-1% 0.5W CRGP1206F47K","","","0.65","","","TE Connectivity","CRGP1206F47K","279-CRGP1206F47K","https://www.mouser.com/Search/Refine.aspx?Keyword=279-CRGP1206F47K","","",""
"","","R17","CRGP1206F330R","SamacSys_Parts:CRGP1206F330R","RESC3116X65N","https://componentsearchengine.com/Datasheets/1/CRGP1206F330R.pdf","","","","Thick Film Resistors - SMD CRGP 1206 330R 1% SMD Resistor","","","0.65","","","TE Connectivity","CRGP1206F330R","279-CRGP1206F330R","https://www.mouser.com/Search/Refine.aspx?Keyword=279-CRGP1206F330R","","",""
"","","R18","CRGP1206F3K3","SamacSys_Parts:CRGP1206F3K3","RESC3116X65N","https://4donline.ihs.com/images/VipMasterIC/IC/TYEL/TYEL-S-A0005460475/TYEL-S-A0005460475-1.pdf?hkey=52A5661711E402568146F3353EA87419","","","","TE CONNECTIVITY - CRGP1206F3K3 - SMD Chip Resistor, 1206 [3216 Metric], 3.3 kohm, CRGP Series, 200 V, Thick Film, 500 mW","","","0.65","","","TE Connectivity","CRGP1206F3K3","","","","",""
"","","R19","CRGP1206F330R","SamacSys_Parts:CRGP1206F330R","RESC3116X65N","https://componentsearchengine.com/Datasheets/1/CRGP1206F330R.pdf","","","","Thick Film Resistors - SMD CRGP 1206 330R 1% SMD Resistor","","","0.65","","","TE Connectivity","CRGP1206F330R","279-CRGP1206F330R","https://www.mouser.com/Search/Refine.aspx?Keyword=279-CRGP1206F330R","","",""
"","","R20","CRGP1206F150K","SamacSys_Parts:CRGP1206F150K","RESC3116X65N","https://ms.componentsearchengine.com/Datasheets/1/CRGP1206F150K.pdf","","","","Thick Film Resistors - SMD CRGP 1206 150K 1% SMD Resistor","","","0.65","","","TE Connectivity","CRGP1206F150K","","","","",""
"","","R21","CRGP1206F100K","SamacSys_Parts:CRGP1206F100K","RESC3116X65N","https://4donline.ihs.com/images/VipMasterIC/IC/TYEL/TYEL-S-A0005460475/TYEL-S-A0005460475-1.pdf?hkey=52A5661711E402568146F3353EA87419","","","","TE CONNECTIVITY - CRGP1206F100K - SMD Chip Resistor, 1206 [3216 Metric], 100 kohm, CRGP Series, 200 V, Thick Film, 500 mW","","","0.65","","","TE Connectivity","CRGP1206F100K","","","","",""
"","","S1","SDA04H1SBD","SamacSys_Parts:SDA04H1SBD","SamacSys_Parts:SDA04H1SBD","https://componentsearchengine.com/Datasheets/1/SDA04H1SBD.pdf","","","","C & K COMPONENTS - SDA04H1SBD - SWITCH DIP TOP SLIDE 4POS","","","","","","C & K COMPONENTS","SDA04H1SBD","611-SDA04H1SBD","https://www.mouser.com/Search/Refine.aspx?Keyword=611-SDA04H1SBD","","",""
"","","S2","SDA01H1SBD","SamacSys_Parts:SDA01H1SBD","SamacSys_Parts:SDA01H1SBD","https://componentsearchengine.com/Datasheets/1/SDA01H1SBD.pdf","","","","1 Way Surface Mount DIP Switch SPST, Raised, Slide Actuator","","","5.45","","","C & K COMPONENTS","SDA01H1SBD","611-SDA01H1SBD","https://www.mouser.com/Search/Refine.aspx?Keyword=611-SDA01H1SBD","","",""
"","","U1","573300D00010G","SamacSys_Parts:573300D00010G","SamacSys_Parts:573300D00010G","https://componentsearchengine.com/Datasheets/1/573300D00010G.pdf","","","","Heatsink, TO-263, 18C/W, 12.7 x 26.16 x 10.16mm, PCB Surface Mount","","","10.16","","","Aavid Thermalloy","573300D00010G","532-573300D00010G","https://www.mouser.com/Search/Refine.aspx?Keyword=532-573300D00010G","","",""
"","","U2","573300D00010G","SamacSys_Parts:573300D00010G","SamacSys_Parts:573300D00010G","https://componentsearchengine.com/Datasheets/1/573300D00010G.pdf","","","","Heatsink, TO-263, 18C/W, 12.7 x 26.16 x 10.16mm, PCB Surface Mount","","","10.16","","","Aavid Thermalloy","573300D00010G","532-573300D00010G","https://www.mouser.com/Search/Refine.aspx?Keyword=532-573300D00010G","","",""



"Collated Components:"

"Item","Qty","Reference(s)","Value","LibPart","Footprint","Datasheet","Category","DK_Datasheet_Link","DK_Detail_Page","Description","Digi-Key_PN","Family","Height","MPN","Manufacturer","Manufacturer_Name","Manufacturer_Part_Number","Mouser Part Number","Mouser Price/Stock","RS Part Number","RS Price/Stock","Status"
"1","1","A1","Arduino_Nano_v3.x","MCU_Module:Arduino_Nano_v3.x","Module:Arduino_Nano","http://www.mouser.com/pdfdocs/Gravitech_Arduino_Nano3_0.pdf","","","","","","","","","","","","","","","",""
"2","11","C1, C2, C3, C5, C6, C7, C11, C12, C18, C19, C22","C1206C104K1RACTU","SamacSys_Parts:C1206C104K1RACTU","SamacSys_Parts:CAPC3216X88N","https://componentsearchengine.com/Datasheets/1/C1206C104K1RACTU.pdf","","","","1206 X7R ceramic capacitor,100nF 100V Kemet 1206 C 100nF Ceramic Multilayer Capacitor, 100 V dc, +125C, X7R Dielectric, +/-10%","","","0.88","","","Kemet","C1206C104K1RACTU","80-C1206C104K1R","https://www.mouser.com/Search/Refine.aspx?Keyword=80-C1206C104K1R","","",""
"3","7","C4, C24, C25, C26, C27, C28, C29","C1206C104K1RACTU","SamacSys_Parts:C1206C104K1RACTU","CAPC3216X88N","https://componentsearchengine.com/Datasheets/1/C1206C104K1RACTU.pdf","","","","1206 X7R ceramic capacitor,100nF 100V Kemet 1206 C 100nF Ceramic Multilayer Capacitor, 100 V dc, +125C, X7R Dielectric, +/-10%","","","0.88","","","Kemet","C1206C104K1RACTU","80-C1206C104K1R","https://www.mouser.com/Search/Refine.aspx?Keyword=80-C1206C104K1R","","",""
"4","8","C8, C9, C10, C13, C14, C20, C21, C23","UPW1J6R8MDD6","SamacSys_Parts:UPW1J6R8MDD6","CAPPRD150W45D425H1250","http://nichicon-us.com/english/products/pdfs/e-upw.pdf","","","","Nichicon 6.8F 63V dc Aluminium Electrolytic Capacitor, Through Hole 4 x 11mm +105C 4mm 1.5mm","","","12.5","","","Nichicon","UPW1J6R8MDD6","","","","",""
"5","3","C15, C16, C17","UVR1J472MRD","SamacSys_Parts:UVR1J472MRD","CAPPRD1000W100D2250H5200","https://componentsearchengine.com/Datasheets/1/UVR1J472MRD.pdf","","","","Aluminum Electrolytic Capacitors - Radial Leaded 63volts 4700uF 22x50 20% 10LS","","","52","","","Nichicon","UVR1J472MRD","647-UVR1J472MRD","https://www.mouser.com/Search/Refine.aspx?Keyword=647-UVR1J472MRD","","",""
"6","2","D1, D4","RB021VAM90TR","SamacSys_Parts:RB021VAM90TR","SamacSys_Parts:TDZTR56","https://componentsearchengine.com/Datasheets/1/RB021VAM90TR.pdf","","","","Schottky Diodes & Rectifiers 90V Vr 0.2A Io SOD-323HE SBD","","","0.8","","","ROHM Semiconductor","RB021VAM90TR","755-RB021VAM90TR","https://www.mouser.com/Search/Refine.aspx?Keyword=755-RB021VAM90TR","","",""
"7","1","D2","D","Device:D","Diode_THT:D_A-405_P12.70mm_Horizontal","~","","","","","","","","","","","","","","","",""
"8","1","D3","VSSB310-M3_52T","SamacSys_Parts:VSSB310-M3_52T","DIOM5436X244N","https://www.mouser.ie/datasheet/2/427/vssb310-m3-1074188.pdf","","","","Schottky Diodes & Rectifiers","","","2.44","","","Vishay","VSSB310-M3/52T","","","","",""
"9","2","D5, D6","ATV02W600B-HF","SamacSys_Parts:ATV02W600B-HF","SODFL3718X130N","https://componentsearchengine.com/Datasheets/1/ATV02W600B-HF.pdf","","","","ESD Suppressors / TVS Diodes","","","1.3","","","Comchip Technology","ATV02W600B-HF","750-ATV02W600B-HF","https://www.mouser.com/Search/Refine.aspx?Keyword=750-ATV02W600B-HF","","",""
"10","3","D7, D8, D9","ATV02W120B-HF","SamacSys_Parts:ATV02W120B-HF","SODFL3718X130N","https://componentsearchengine.com/Datasheets/1/ATV02W120B-HF.pdf","","","","ESD Suppressors / TVS Diodes 200W 12V BIDIRECTION AEC-Q101","","","1.3","","","Comchip Technology","ATV02W120B-HF","750-ATV02W120B-HF","https://www.mouser.com/Search/Refine.aspx?Keyword=750-ATV02W120B-HF","","",""
"11","3","D10, D11, D12","ATV02W5V0B-HF","SamacSys_Parts:ATV02W5V0B-HF","SODFL3718X130N","https://componentsearchengine.com/Datasheets/1/ATV02W5V0B-HF.pdf","","","","ESD Suppressors / TVS Diodes 200W 5V BI-DIRECTION AEC-Q101","","","1.3","","","Comchip Technology","ATV02W5V0B-HF","750-ATV02W5V0B-HF","https://www.mouser.com/Search/Refine.aspx?Keyword=750-ATV02W5V0B-HF","","",""
"12","1","G1","Geec-Logo","User-Created:Geec-Logo","User-Created:Geec_Logo","","","","","","","","","","","","","","","","",""
"13","4","H1, H2, H3, H4","MountingHole","Mechanical:MountingHole","MountingHole:MountingHole_4.3mm_M4","~","","","","","","","","","","","","","","","",""
"14","1","IC1","LM5104MX_NOPB","SamacSys_Parts:LM5104MX_NOPB","SamacSys_Parts:SOIC127P600X175-8N","http://www.ti.com/lit/gpn/LM5104","","","","High Voltage Half-Bridge Gate Driver with Adaptive Delay","","","1.75","","","Texas Instruments","LM5104MX/NOPB","926-LM5104MX/NOPB","https://www.mouser.com/Search/Refine.aspx?Keyword=926-LM5104MX%2FNOPB","","",""
"15","2","IC2, IC4","VOH1016AD","SamacSys_Parts:VOH1016AD","SamacSys_Parts:DIP762W60P254L730H450Q6N","https://componentsearchengine.com/Datasheets/1/VOH1016AD.pdf","","","","High Speed Optocouplers 1MBps Schmitt-Trigr DIP-6","","","4.5","","","Vishay","VOH1016AD","78-VOH1016AD","https://www.mouser.com/Search/Refine.aspx?Keyword=78-VOH1016AD","","",""
"16","1","IC3","LTC7004EMSE#PBF","SamacSys_Parts:LTC7004EMSE#PBF","SamacSys_Parts:SOP50P490X110-11N","https://componentsearchengine.com/Datasheets/1/LTC7004EMSE#PBF.pdf","","","","LINEAR TECHNOLOGY - LTC7004EMSE#PBF - MOSFET DRIVER, HIGH SIDE, MSOP-10","","","1.1","","","Linear Technology","LTC7004EMSE#PBF","584-LTC7004EMSEPBF","https://www.mouser.com/Search/Refine.aspx?Keyword=584-LTC7004EMSEPBF","","",""
"17","1","IC5","ACS770LCB-050U-PFF-T","SamacSys_Parts:ACS770LCB-050U-PFF-T","digikey-footprints:CB-5_Formed_Leads","http://www.allegromicro.com/~/media/Files/Datasheets/ACS770-Datasheet.ashx","","","","Current Sensor AC/DC 5V 5-Pin Case CB Allegro Microsystems ACS770LCB-050U-PFF-T, Current Sensor, 5-Pin, PFF","","","","","","Allegro Microsystems","ACS770LCB-050U-PFF-T","","","8660782P","http://uk.rs-online.com/web/p/products/8660782P",""
"18","1","IC6","ACPL-C870-000E","SamacSys_Parts:ACPL-C870-000E","SOIC127P1150X361-8N","","","","","ACPL-C870-000E, Isolation Amplifier, 4.5  5.5 V, 8-pin SSO","","","3.607","","","Avago Technologies","ACPL-C870-000E","630-ACPL-C870-000E","https://www.mouser.com/Search/Refine.aspx?Keyword=630-ACPL-C870-000E","","",""
"19","1","IC7","MCP6001T-I_OT","SamacSys_Parts:MCP6001T-I_OT","SOT95P270X145-5N","https://componentsearchengine.com/Datasheets/1/MCP6001T-I_OT.pdf","","","","Single 1.8V Op Amp, 1MHz, I temp","","","1.45","","","Microchip","MCP6001T-I/OT","579-MCP6001T-I/OT","https://www.mouser.com/Search/Refine.aspx?Keyword=579-MCP6001T-I%2FOT","","",""
"20","1","J1","1932517","SamacSys_Parts:1932517","SamacSys_Parts:1932517","https://media.digikey.com/pdf/Data%20Sheets/Phoenix%20Contact%20PDFs/1932517.pdf","","","","Phoenix Contact COMBICON MKDSP Series 15mm Pitch Straight, PCB Terminal Block, Through Hole, 4 Way","","","39","","","Phoenix Contact","1932517","651-1932517","https://www.mouser.com/Search/Refine.aspx?Keyword=651-1932517","","",""
"21","4","J2, J3, J4, J5","Conn_01x01","Connector_Generic:Conn_01x01","User-Created:SolderWirePad_1x01_SMD_15x15m","~","","","","","","","","","","","","","","","",""
"22","1","J6","Conn_01x04","Connector_Generic:Conn_01x04","Connector_JST:JST_XH_B4B-XH-AM_1x04_P2.50mm_Vertical","~","","","","","","","","","","","","","","","",""
"23","1","J7","Conn_01x06","Connector_Generic:Conn_01x06","Connector_JST:JST_XH_B6B-XH-A_1x06_P2.50mm_Vertical","~","","","","","","","","","","","","","","","",""
"24","1","J8","Conn_01x07","Connector_Generic:Conn_01x07","Connector_JST:JST_XH_B7B-XH-A_1x07_P2.50mm_Vertical","~","","","","","","","","","","","","","","","",""
"25","1","J9","Conn_01x03","Connector_Generic:Conn_01x03","Connector_JST:JST_XH_B3B-XH-A_1x03_P2.50mm_Vertical","~","","","","","","","","","","","","","","","",""
"26","2","LED1, LED2","TLHK46Q1R2","SamacSys_Parts:TLHK46Q1R2","SamacSys_Parts:TLHK42S1T2","https://componentsearchengine.com/Datasheets/1/TLHK46Q1R2.pdf","","","","Vishay TLHK46Q1R2 Red LED, 630 nm, 3mm (T-1), Round Lens Through Hole Package","","","","","","Vishay","TLHK46Q1R2","78-TLHK46Q1R2","https://www.mouser.com/Search/Refine.aspx?Keyword=78-TLHK46Q1R2","","",""
"27","1","PS1","TEC_2-4811WI","SamacSys_Parts:TEC_2-4811WI","SamacSys_Parts:TEC24811","https://componentsearchengine.com/Datasheets/1/TEC 2-4811WI.pdf","","","","TRACOPOWER TEC 2WI 2W Isolated DC-DC Converter Through Hole, Vin 18  75 V dc, Vout 5V dc","","","","","","Traco Power","TEC 2-4811WI","495-TEC2-4811WI","https://www.mouser.com/Search/Refine.aspx?Keyword=495-TEC2-4811WI","","",""
"28","1","PS2","TSR_0.6-48120WI","SamacSys_Parts:TSR_0.6-48120WI","SamacSys_Parts:TSR0648120WI","https://assets.tracopower.com/20200120115610/TSR06WI/documents/tsr0-6wi-datasheet.pdf","","","","Non-Isolated DC/DC Converters","","","13.4","","","Traco Power","TSR 0.6-48120WI","495-TSR0.6-48120WI","https://www.mouser.com/Search/Refine.aspx?Keyword=495-TSR0.6-48120WI","","",""
"29","1","PS3","ZXTR2105F-7","SamacSys_Parts:ZXTR2105F-7","SOT96P240X110-3N","https://componentsearchengine.com/Datasheets/1/ZXTR2105F-7.pdf","","","","Linear Voltage Regulators 60V Input 5V 15mA Regulator Zener","","","1.1","","","Diodes Inc.","ZXTR2105F-7","621-ZXTR2105F-7","https://www.mouser.com/Search/Refine.aspx?Keyword=621-ZXTR2105F-7","","",""
"30","4","Q1, Q2, Q3, Q4","IPB014N06NATMA1","SamacSys_Parts:IPB014N06NATMA1","SamacSys_Parts:IPB014N06NATMA1","https://componentsearchengine.com/Datasheets/1/IPB014N06NATMA1.pdf","","","","MOSFET N-Ch 60V 180A D2PAK-6","","","4.57","","","Infineon","IPB014N06NATMA1","726-IPB014N06NATMA1","https://www.mouser.com/Search/Refine.aspx?Keyword=726-IPB014N06NATMA1","","",""
"31","1","R1","CRGP1206F1K0","SamacSys_Parts:CRGP1206F1K0","SamacSys_Parts:RESC3116X65N","https://ms.componentsearchengine.com/Datasheets/2/CRGP1206F1K0.pdf","","","","TE CONNECTIVITY - CRGP1206F1K0 - RES, 1K, 1%, 0.5W, 1206, THICK FILM","","","0.65","","","TE Connectivity","CRGP1206F1K0","","","","",""
"32","1","R2","CRGP1206F5K6","SamacSys_Parts:CRGP1206F5K6","RESC3116X65N","https://componentsearchengine.com/Datasheets/1/CRGP1206F5K6.pdf","","","","Thick Film Resistors - SMD CRGP 1206 5K6 1% SMD Resistor","","","0.65","","","TE Connectivity","CRGP1206F5K6","","","","",""
"33","5","R3, R4, R5, R6, R9","CRGP1206F10K","SamacSys_Parts:CRGP1206F10K","SamacSys_Parts:RESC3116X65N","https://componentsearchengine.com/Datasheets/1/CRGP1206F10K.pdf","","","","10k 1206 Thick Film Resistor +/-1% 0.5W CRGP1206F10K","","","0.65","","","TE Connectivity","CRGP1206F10K","279-CRGP1206F10K","https://www.mouser.com/Search/Refine.aspx?Keyword=279-CRGP1206F10K","","",""
"34","2","R7, R8","CRGP1206F330R","SamacSys_Parts:CRGP1206F330R","SamacSys_Parts:RESC3116X65N","https://componentsearchengine.com/Datasheets/1/CRGP1206F330R.pdf","","","","Thick Film Resistors - SMD CRGP 1206 330R 1% SMD Resistor","","","0.65","","","TE Connectivity","CRGP1206F330R","279-CRGP1206F330R","https://www.mouser.com/Search/Refine.aspx?Keyword=279-CRGP1206F330R","","",""
"35","1","R10","CP00052R000JB14","SamacSys_Parts:CP00052R000JB14","SamacSys_Parts:CP00052R000JB14","https://componentsearchengine.com/Datasheets/1/CP00052R000JB14.pdf","","","","Wirewound Resistors - Through Hole 5watts 2ohms 5%","","","9.524","","","Vishay","CP00052R000JB14","71-CP5-J-2","https://www.mouser.com/Search/Refine.aspx?Keyword=71-CP5-J-2","","",""
"36","6","R11, R12, R13, R15, R17, R19","CRGP1206F330R","SamacSys_Parts:CRGP1206F330R","RESC3116X65N","https://componentsearchengine.com/Datasheets/1/CRGP1206F330R.pdf","","","","Thick Film Resistors - SMD CRGP 1206 330R 1% SMD Resistor","","","0.65","","","TE Connectivity","CRGP1206F330R","279-CRGP1206F330R","https://www.mouser.com/Search/Refine.aspx?Keyword=279-CRGP1206F330R","","",""
"37","1","R14","CRGP1206F10K","SamacSys_Parts:CRGP1206F10K","RESC3116X65N","https://componentsearchengine.com/Datasheets/1/CRGP1206F10K.pdf","","","","10k 1206 Thick Film Resistor +/-1% 0.5W CRGP1206F10K","","","0.65","","","TE Connectivity","CRGP1206F10K","279-CRGP1206F10K","https://www.mouser.com/Search/Refine.aspx?Keyword=279-CRGP1206F10K","","",""
"38","1","R16","CRGP1206F47K","SamacSys_Parts:CRGP1206F47K","RESC3116X65N","https://componentsearchengine.com/Datasheets/1/CRGP1206F47K.pdf","","","","47k 1206 Thick Film Resistor +/-1% 0.5W CRGP1206F47K","","","0.65","","","TE Connectivity","CRGP1206F47K","279-CRGP1206F47K","https://www.mouser.com/Search/Refine.aspx?Keyword=279-CRGP1206F47K","","",""
"39","1","R18","CRGP1206F3K3","SamacSys_Parts:CRGP1206F3K3","RESC3116X65N","https://4donline.ihs.com/images/VipMasterIC/IC/TYEL/TYEL-S-A0005460475/TYEL-S-A0005460475-1.pdf?hkey=52A5661711E402568146F3353EA87419","","","","TE CONNECTIVITY - CRGP1206F3K3 - SMD Chip Resistor, 1206 [3216 Metric], 3.3 kohm, CRGP Series, 200 V, Thick Film, 500 mW","","","0.65","","","TE Connectivity","CRGP1206F3K3","","","","",""
"40","1","R20","CRGP1206F150K","SamacSys_Parts:CRGP1206F150K","RESC3116X65N","https://ms.componentsearchengine.com/Datasheets/1/CRGP1206F150K.pdf","","","","Thick Film Resistors - SMD CRGP 1206 150K 1% SMD Resistor","","","0.65","","","TE Connectivity","CRGP1206F150K","","","","",""
"41","1","R21","CRGP1206F100K","SamacSys_Parts:CRGP1206F100K","RESC3116X65N","https://4donline.ihs.com/images/VipMasterIC/IC/TYEL/TYEL-S-A0005460475/TYEL-S-A0005460475-1.pdf?hkey=52A5661711E402568146F3353EA87419","","","","TE CONNECTIVITY - CRGP1206F100K - SMD Chip Resistor, 1206 [3216 Metric], 100 kohm, CRGP Series, 200 V, Thick Film, 500 mW","","","0.65","","","TE Connectivity","CRGP1206F100K","","","","",""
"42","1","S1","SDA04H1SBD","SamacSys_Parts:SDA04H1SBD","SamacSys_Parts:SDA04H1SBD","https://componentsearchengine.com/Datasheets/1/SDA04H1SBD.pdf","","","","C & K COMPONENTS - SDA04H1SBD - SWITCH DIP TOP SLIDE 4POS","","","","","","C & K COMPONENTS","SDA04H1SBD","611-SDA04H1SBD","https://www.mouser.com/Search/Refine.aspx?Keyword=611-SDA04H1SBD","","",""
"43","1","S2","SDA01H1SBD","SamacSys_Parts:SDA01H1SBD","SamacSys_Parts:SDA01H1SBD","https://componentsearchengine.com/Datasheets/1/SDA01H1SBD.pdf","","","","1 Way Surface Mount DIP Switch SPST, Raised, Slide Actuator","","","5.45","","","C & K COMPONENTS","SDA01H1SBD","611-SDA01H1SBD","https://www.mouser.com/Search/Refine.aspx?Keyword=611-SDA01H1SBD","","",""
"44","2","U1, U2","573300D00010G","SamacSys_Parts:573300D00010G","SamacSys_Parts:573300D00010G","https://componentsearchengine.com/Datasheets/1/573300D00010G.pdf","","","","Heatsink, TO-263, 18C/W, 12.7 x 26.16 x 10.16mm, PCB Surface Mount","","","10.16","","","Aavid Thermalloy","573300D00010G","532-573300D00010G","https://www.mouser.com/Search/Refine.aspx?Keyword=532-573300D00010G","","",""
